id,name,description,purpose,url,support url,install_url,user_guide_url,technology,version,internal_tf,core_process,functional_area,active,license,aka,workgroup,standard,rollout_date,last_update_date,created_at,dependency,Remarks,Notes
1,CMET Tool,"Track HL7 V3 CMET artifacts, ballots of the artifacts and normative releases of the CMET artifacts",Registry,http://hl7-cmets.herokuapps.com,,,,ror web rdb,beta,t,f,std-dev std-ballot reg-rep,t,epl,,MnM,V3,,2016-08-01,2016-06-01,,,"Currently site is beta and revision are ongoing, site URL may not always work"
2,Trifolia Workbench HL7 Web Edition,"Facilitate the authoring and localization of CDA templates
Provide a searchable / browseable repository of CDA templates
Extend the functionality based on the requirements of the HL7 community
","Browse, edit and create templates/profiles, value sets, and implementation guides",https://trifolia.lantanagroup.com/,,,,c# web,Version 3.0,f,f,std-dev std-pub impl reg-rep,t,OSS,,,CDA Other FHIR,2011-07-19,,2016-06-01,,,
3,Testing Readiness Checklist ,Complete Testing Readiness Checklist ,This checklist is intended to help participants prepare for the testing process.,www.hl7.org/documentcenter/public/implement/conformanceTesting/Testing_Readiness_Checklist.xlsx,,,,excel,2014-03-24,f,f,conf,t,,,,,,2014-03-24,2016-06-01,,new url to the excell document.,
4,Developers Integration Lab,"Allows automated, internet-based interoperability testing against the HL7, IHE, and NwHIN specifications, compliant gateway implementations, and other gateway implementations as well. The DIL tests interoperability with other gateway implementations, hosting multiple gateway implementations for a user to send test messages using multiple testing scenarios.","Testing
The DIL supports both secured and unsecured transport for HL7 messages",http://www.dil.aegis.net/,http://www.dil.aegis.net/documents/DIL%20Participant%20Guide.pdf,,,,,f,f,std-dev impl,t,,DIL,,,,,2016-06-01,,,More about what DIL is can be found with the URL http://www.dil.aegis.net/what-is-the-DIL.html  User requirements are listed in the user guide as well as information how to register and login.
5,DIL Certificate Instructions ,Contains the information you need to download and install your certificate from the DIL as well as additional instructions if you need to add the DIL certificate with any additional certificates to your keystore.,Give instructions,http://www.hl7.org/documentcenter/public_temp_A1BB6FFF-1C23-BA17-0C0D2A8F18063C25/implement/conformanceTesting/certificate_install_instructions.pdf,,,,pdf,Version 1.4,f,f,educate ,t,comm ,,,,,2013-07-22,2016-06-01,,,"© AEGIS.net, Inc., All rights reserved"
6,DIL Training and Demonstration Video,Provide a demonstration of the DIL that will help in addition to the instructions and user guide. ,Give instructions,https://www.youtube.com/channel/UCLJWb9TvjoJuPnTEcj9MsOQ/videos,,,,video,,f,f,educate,t,,,,,2013-08-23,2014-08-15,2016-06-01,,,There are more video's on DIL DIL 3 0 Demo DIL 3 0 Participant Training Video DIL Admin Test Case Configuration Video Introduction to DIL Rules Engine 
7,DIL User Guide ,"Contains the information the user of DIL need to get set up in the DIL, execute test cases and review test case results",Describe the functionality available to a Participant user in the Developer Integration Lab (DIL) application,http://www.dil.aegis.net/documents/DIL%20Participant%20Guide.pdf (from the DIL website),,,,pdf,Version 3.1,f,f,educate,t,comm ,,,,2011-09-19,2014-09-24,2016-06-01,,,
8,"Create Conformance Message/ Send Immunization History 
Conformance Profile",The Send Immunization History Conformance Profile documentation outlines the validation rules and test case data against which test messages will be evaluated in the DIL.,Support for testing in DIL,http://www.hl7.org/documentcenter/public_temp_A2728894-1C23-BA17-0C4F114C682644F0/implement/conformanceTesting/Send%20Immunization%20History%20Conformance%20Profile%20v0.4%20%28Test%20Case%201%20Only%29.pdf,,,,pdf,version 0.1,f,f,educate,t,comm ,,,V2,2014-02-02,,2016-06-01,,,
9,Publishing Calendars and Schedules,Calenders for upcoming ballot cycles,Support for ballot cycle,http://www.hl7.org/special/committees/publishing/schedules.cfm,,,,word pdf,,t,t,std-dev std-ballot,t,,,Pub,V2 V3 CDA FHIR Other,,2016-05-09,2016-06-01,,,Publishing Calendar is updated at each WGM for the next ballot cycle
10,Publishing Facilitators Guide,The V3 Publishing Facilitator's Guide (Style Guide) is published as part of the Version 3 Ballot Web Site,Publishing V3 standards,http://www.hl7.org/v3ballotarchive_temp_A35770DA-1C23-BA17-0C129FAEF0E39E3E/v3ballot/html/welcome/introduction/index.html,,,,mif,,t,f,std-dev std-ballot,t,,,Pub,V3,,2016-04-01,2016-06-01,,,
11,V2.x Style Guide,The V2 Style Guide is used by editors managing and/or preparing V2 Chapters for ballot or publishing. This style guide is regularly updated by the V2 Publishing Work Group. ,Supports the management and publishing of V2 Chapters.,http://gforge.hl7.org/gf/project/v2-ballot-pkg/scmsvn/?action=browse&path=%2Ftrunk%2F,,,,,,t,t,std-dev std-pub,t,,,,V2,,,2016-06-01,,"Permission to enter the page on Gforge was denied (i=I was logged in). So could not look at the information on Gforge. AS: sure, don't worry",
12,ART-DECOR,"DECOR (Data Elements, Codes, OIDs and Rules) is a methodology to record the information model used by health professionals. DECOR uses this model to generate various artifacts: documentation, XML- and test-tooling, etc. With DECOR it is possible to improve the recorded information model by generating and resolving issues per item. DECOR registers (amongst others) datasets, datatypes, valuesets, codes, identifications, and business rules. 
ART (Advanced Requirement Tooling) is the DECOR user interface to create and adapt DECOR files, and to generate artifacts from DECOR files. ART is based on the eXist XML database, XQuery and Orbeon XForms. ","Supports the creation and maintenance of HL7 templates, value sets, data sets and features cloud-based federated Building Block Repositories (BBR) for Templates and Value Sets with two Template Editors. It supports comprehensive collaboration of team members within and between governance groups. ",http://art-decor.org/mediawiki/index.php/Main_Page,http://art-decor.org/mediawiki/index.php/TV,,https://art-decor.org/mediawiki/index.php?title=ART_user_manual,xml xslt web xforms xquery,version 1.8,f,f,std-dev std-pub impl reg-rep,t,OSS,,,V3 CDA FHIR V2,2014-07-24,2016-04-20,2016-06-01,,,
13,eTransX,"Offers a dramatically simplified approach to internal and external data integration for hospitals, laboratories, clinics, ACOs and much more. ",Supports the HL7 interface development.,http://etransx.com/,http://etransx.com/services/customer-support/,,,,version 7.1,f,f,impl,t,comm,,,V2 V3,,,2016-06-01,,,
14,Eversolve Medi7,The Medi7 Parser Toolkit is an HL7 parsing toolkit that supports dynamic message composition for a variety of platforms.  ,Validate HL7 messages,http://www.eversolve.com/products,"http://www.eversolve.com/support

http://www.eversolve.com/training",,,c++ java c# vb,,f,f,std-dev,t,comm,,,"V2
CDA",,,2016-06-01,,,"C++, Java, COM/ActiveX
Microsoft.NET (C#, VB.NET, Visual J#)
C++ for Linux
C++ for Solaris"
15,7Edit,"7Edit is a productivity tool for browsing, editing, validating HL7 messages and exchanging data with HL7 applications","Browsing, editing and validating HL7 messages",http://www.7edit.com/home/index.php,http://www.7edit.com/support/,,,,version 2.6.5,f,f,std-dev,t,comm,,,V2,,,2016-06-01,,,
16,Orion Health™ Rhapsody™ Integration Engine,"Enabler that brings systems together, and is a proven, high performance engine for robust, reliable exchange and acquisition of health data. ",Support interoperability,https://orionhealth.com/global/products/rhapsody/,https://orionhealth.com/global/support/,,,web,,f,f,impl,t,comm,,,"V2 V3 FHIR CDA         
",,,2016-06-01,,,
17, HL7 Spy ,"HL7Spy can answer quite complex questions about a set of HL7 transactions.
","Support analysts to quickly interpret, and characterize very large HL7 2.x message data streams.",http://hl7spy.ca/hl7-spy/,http://hl7spy.ca/qa/,,,xml xslt windows,version 2.2.501,f,f,impl std-dev,t,comm,,,V2 V3 CDA,,,2016-06-01,,,
18,"Interfaceware, Iguana integration engine, Iguana 6","iNTERFACEWARE™ is the developer of the Iguana™ HL7 Interface Engine and Chameleon™ HL7 Messaging Toolkit and are committed to helping customers find workable, real-world solutions to challenges of HL7 integration. The Iguana integration engine is the fastest way to create any interface, regardless of standard or protocol.","Build, test, monitor and troubleshoot any healthcare interface",http://www.interfaceware.com/iguana.html,http://help.interfaceware.com/,,,,version 6.0.5,f,f,impl,t,comm,,,V2 V3 FHIR CDA,,"21/7/2016

",2016-06-01,,,
19,HL7 Interface Engine IDE/  eiConsole,The eiConsole for Healthcare is an HL7 Interface Engine IDE that facilitates building HL7 interfaces,Support for building HL7 interfaces,http://healthcare.pilotfishtechnology.com/hl7-interface-engine/,http://healthcare.pilotfishtechnology.com/services/,,,,,f,f,,t,comm,,,V2 V3 FHIR,,,2016-06-01,,,
20,MD Link - HL7 Integration Engine with HL7 Interface Development ,"MD Link is an integration engine that connects independent health care applications in hospitals and clinics, with interfaces supported by HL7 certified resources. By displaying data sources and processes as a visual solution, MD Link enables robust information exchange between legacy applications and commercial software.
",Integration engine that delivers advanced inter-system messaging capabilities to health care organizations and vendors. All managed from a single screen with drag-and-drop configuration and supported by HL7 Certified resources.,http://www.mdisolutions.com/,http://www.mdisolutions.com/services/,,,java,,f,f,impl,t,comm,,,V2 V3,,,2016-06-01,,,
21,"LINK Medical Computing, Inc. Toolkits for Building/Parsing HL7 Messages","LINK Medical Computing, Inc. specializes in providing Health Level Seven (HL7) integration tools and solutions to the healthcare industry. The LINKTools Interface Development Kit (IDK) is a cost-effective HL7 integration toolkit that allows Vendors, Developers, Hospital IT administrators and consultants to rapidly ""interface enable"" their applications and systems without programming. ",Supports the HL7 development of an interface for applications and systems.,http://www.linkmed.com/Products/ltidk1.html,http://www.linkmed.com/Contacts/index.html,,,,,f,f,impl,t,comm,,,V2 V3,,,2016-06-01,,,
22,HL7 V3 PubDb,V3 Publication Database. Provides an Access database that is used by Work Groups to define their specifications and the dynamic models for those. ,Support for workgroups in defining specifications and the dynamic models.,http://gforge.hl7.org/gf/project/pubdb/,http://gforge.hl7.org/gf/project/pubdb/tracker/?action=TrackerItemBrowse&tracker_id=226,,,access xml windows,version 2.0.9C,t,t,std-dev std-ballot std-pub,t,OSS,HL7 V3 Pub Tooling,EST,V3,,,2016-06-01,23 24,,
23,HL7 V3 Design Repository,"This project contains four packages: HL7 ""CoreMif"" Instances of RIM, Vocab Data Types and CMETinfo; HL7 Design/RIM Repository, CMETinfo and FormalNamingSource. ",Provide the core RIM definitions for use in development of V3 artifacts,http://gforge.hl7.org/gf/project/design-repos/,,,,mif xml,,t,t,std-dev,t,,,EST,V3,,,2016-06-01,28,,
24,The HL7 RMIM Designer,"A graphic designer that supports the design of HL7 static information models. The Current variant of this tool is built upon customized ""templates"" in Microsoft Visio; a suite of Visual Basic software that runs in the Visio application space; and modules (DLL's) from the RoseTree program. The tool provides an interactive design capability for HL7 RMIMs, and is programmed to use data from the RIM, Vocabulary, and Data Types specifications to enforce the model design rules expressed in the HL7 V3 Methodology.",Supports the design of HL7 static information models,http://gforge.hl7.org/gf/project/visio-rmim-desi/,,,,visio xml vb windows,version 4.8.3,t,t,std-dev std-ballot std-pub,t,free,visio,EST,V3,,2013-08-27,2016-06-01,23 25,,
25,Rose Tree,"RoseTree is a donated Visual Basic (VB) application that functions as an interface to the HL7 repository for several other applications, including the current RMIM Designer, the PubDb and the V3 Generator (for which RoseTree creates source files). In addition, it provides a browser for the HL7 RIM and Vocabulary; builds RMIMs and HMDs from Visio designs; and manages the repository storage of these.","Provides a browser for the HL7 RIM and Vocabulary;
provides functions to assemble the HL7 Vocabulary from the Vocabulary data base (in Access)
generates Vocabulary MIF files after the assembly
generates XML extracts from Publication Database (PubDb) for desktop and production publishing.
",http://gforge.hl7.org/gf/project/rose-tree/,,,,vb mif windows alone,version 5.0.44,t,t,std-dev impl,t,OSS,rose,EST,V3,,2014-06-10,2016-06-01,28,,
26,V3 Generator,"The V3 Generator accepts the XML expressions of an HMD and, through a series of transforms, generates HL7 artifacts including: Static schemas, Interaction schemas, HTML table views, CSV files for Excel views and MIF files for static models, data types, and vocabulary.",Converting static models to MIF and related formats.,http://gforge.hl7.org/gf/project/v3-generator/,,,,xml xslt ant mif,version 3.4.12,t,t,std-dev std-ballot std-pub,t,OSS,,EST,V3,,2014-07-24,2016-06-01,23 24 25,,
27,HL7 Eclipse Platform,"The Open Health Workbench is the open-source subset of the clinical modeling and data standards tooling platform used by the English National Health Service. B2 International developed the Open Health Workbench in close cooperation with the English National Health Service to improve their real-world HL7 version 3 implementation issues. As the primary adopter of HL7 v3, NHS Connecting for Health is particularly well-suited to identify tooling to improve their message development tasks.
Components
    Static Model Comparison (MIF Diff)
    Message Instance Editor
    MIF Editor
    Validation Framework
    Test Message Generator",Support the development of HL7 v3 messages.,http://projects.eclipse.org/list-of-projects,"http://www.eclipse.org/forums/

http://help.eclipse.org/mars/index.jsp",,,java mif,version 1.0,f,f,impl,f,epl,,OHF,V3,2008-04-01,,2016-06-01,28 23,,
28,MIF Schemas,The Model Interchange Format (MIF) is a set of XML formats used to support the storage and exchange of HL7 version 3 artefacts as part of the HL7 Development Framework (HDF). It is the pre-publication format of HL7 v3 artefacts used by tooling. The formats are defined by a set inter-related schemas.,"Serves to document the HL7 metamodel, identifying all data elements of interest to version 3, as well as indicating correspondance to the UML meta-model.
defining schemas for xml files for holding the content of HL7 v3 specifications",http://gforge.hl7.org/gf/project/mif-schemas/,,,,xml,version 2.2.0,t,t,std-dev std-ballot impl std-pub,t,hl7,,EST,V3,,2011-01-14,2016-06-01,,,
29,MIF Utilities,This is a set of tools used in the comparison of MIFs.,Supports the comparison of MIFs.,http://gforge.hl7.org/gf/project/mif-utils/,,,,xml xslt,,t,f,std-dev std-ballot impl,t,OSS,,EST,V3,,,2016-06-01,,,
30,OID Registry,An OID is a globally unique ISO (International Organization for Standardization) identifier. Registered OIDs are presented in the OID Registry. ,"creation of OIDs for HL7 users
registry for OIDs",http://www.hl7.org/oid/index.cfm,http://www.hl7.org/oid/index.cfm,,,web cf,,t,t,std-dev impl reg-rep,t,,,,V2 V3 CDA ,,,2016-06-01,,,
31,Table 0396 Coding Systems,This is a table of external coding systems used in HL7 messages.,Support coding in HL7 messages.,http://www.hl7.org/Special/committees/vocab/table_0396/index.cfm,,,,web excel,,t,t,std-dev impl,t,,,Vocab,V2 V3,,2015-09-04,2016-06-01,,,Maintained by Ted Klein kci@tklein.com
32,UML Profile for MIF Static Models,"Document a UML Profile for the semantics in the MIF representation of the RIM and other derived models - identifying those concepts that cannot be expressed in UML Profile language to provide to OMG for possible extension of UML
Using the resulting UML Profile, adapt Enterprise Architect to express the proper HL7 stereotypes as a proof of concept.
",To allow modelers and developers to apply MIF-UML with minimal effort in order to create new models or change existing models and ultimately to produce MIF artifacts directly in UML,http://upcommons.upc.edu/bitstream/handle/2117/20440/MIF.pdf,http://gforge.hl7.org/gf/project/toolchlge_018/,,,ea uml,version 1.0,f,f,std-dev impl,t,,,EST,"CDA
V3",,,2016-06-01,,,
33,V2 Database,An Access database that is built from and contains information on the various HL7 V2 standards,Validation and generation of the HL7 V2 standard and used by implementers to build V2 integration software,,,,,access vb,,f,t,std-dev std-ballot impl std-pub,t,,,,V2,,,2016-06-01,,Cannot find the URL AS: likely isn't one,
34,HL7 V2 PubTool,A combination of various Microsoft technologies that import and verify Microsoft Word files for production of the full HL7 V2 specification,Publish the HL7 V2 Standard,,,,,access word vb,,t,t,std-dev std-ballot std-pub,t,,,Pub,V2,,,2016-06-01,,Cannot find the URL AS: likely isn't one,
35,HL7 V3 Pub Tooling,XML based tools for the generation of artifacts for HL7 V3,Publish the HL7 V3 Standard,http://gforge.hl7.org/gf/project/xmlpublishing/frs/,http://gforge.hl7.org/gf/project/xmlpublishing/tracker/,,,xml xslt ant alone mif windows,,t,t,std-dev std-ballot std-pub,t,,,EST,V3 CDA,,,2016-06-01,22 23 24 25 26,AS: This is not a duplicate of the PubDB the PubDb is one component of the overall publishing suite. AG OK.,
36,Ballot Database,Provide a record of all standards ballots that have occurred and votes cast and the dispostion of those votes. Used in the ANSI audit for verification of process. The ballot database  is maintained by the Director of Technical Publications. New entries in the ballot database are created from the NIB forms completed by workgroups at the beginning of each ballot cycle.,Record ballots and results,,,,,sql-serv,,t,t,std-ballot std-pub reg-rep,t,,,HQ,V2 V3 CDA FHIR Other,,,2016-06-01,,,The HL7 Ballot database is not visible to members and is internal HQ use only.
37,Ballot Desktop,"The Ballot Desktop lets members review all the ballotable documents available in a given cycle. When a cycle is active, you can vote, review your votes, view ballot materials, and review announcements.",Supports the HL7 ballot,http://www.hl7.org/ctl.cfm?action=ballots.home&ballot_cycle_id=541&ballot_voter_id=0,,,,web,,t,t,std-ballot,t,,,HQ,V2 V3 CDA FHIR Other,,,2016-06-01,,The ballot desktop is HL7 license. Don't know what to include in the license column. AS: if unknown we leave blank,
38,Project Insight,"Project Insight is a flexible, customizable and easy to use solution to track projects that are active within HL7.
HL7 PMO's project management tool.",Supports projectmanagement ,"http://www.projectinsight.net/product/

","http://www.projectinsight.net/training-support/

",,,web saas,,t,t,wg-admin reg-rep,t,,,HQ,V2 V3 CDA FHIR Other,,,2016-06-01,,,"To update projects in Project Insight please go to http://www.hl7.org/documentcenter/public/wg/projectServices/Project%20Insight%20Tip%20Sheet_2011.doc
More support on http://www.projectinsight.net/project-management-software/manual/Content/Overview.htm"
39,Go Members,Track the membership of the organization and the status of various members,Track the status of member of HL7 International and their authorizations,,,,,saas web,,t,t,member wg-admin,t,,,HQ,,,,2016-06-01,,,
40,Main HL7 Wiki,"The HL7 Wiki allows the various Wrok Groups in HL7 to record information including notes, minutes, progress on projects, hot topics and other items that need to be retained for future reference. ",Supports HL7 workgroups in their work.,http://wiki.hl7.org/index.php?title=Main_Page,http://wiki.hl7.org/index.php?title=Basic_Editing,,,php web,,t,t,wg-admin std-dev,t,OSS,,HQ,,,,2016-06-01,,,
41,TSC Wiki,"The Main Page of the HL7 TSC Wiki, supporting the elected governing body called the Technical Steering Committee (TSC) of Health Level Seven International. (HL7).  ",Coordinate activities of the Technical Steering Committee and the Steering Divisions,http://hl7tsc.org/wiki/index.php?title=Main_Page,http://wiki.hl7.org/index.php?title=Basic_Editing,,,php web,,t,t,wg-admin,t,OSS,,HQ,,,,2016-06-01,,,"The contents of this Wiki are non binding; see the HL7 website for persistent documents (minutes, standards, etc.). The HL7 TSC Wiki currently has 1,522 pages with substantive content. See articles from the main HL7 Wiki on Basic Editing and Help Resources for information about editing the Wiki. To access information, either use the search option or see the section of interest in the table below."
42,Editing Wiki,The Editing Wiki was created as a proof of concept to validate the feasability of coordinating standard content edits using a Wiki and then to push to the HL7 V3 Publishing process. The wiki is being used on the CDA R2.1 standard.,Provide a common workspace for work on standards content,http://pubwiki.hl7.org/index.php?title=Main_Page,http://wiki.hl7.org/index.php?title=Basic_Editing,,,php web,,t,f,std-dev,t,OSS,,HQ,V3,,,2016-06-01,,,
43,Tools and Services Catalogue,"Provide a registry of all of the tools and services used or made available by HL7 (with some external additions) to ensure the knowledge, state and health of all supporting processes are documented",Capture all of the various technologies used by HL7 ,http://hl7-tools.herokuapp.com/,,,,ror web,beta,t,f,wg-admin reg-rep,t,OSS,,EST,,,2016-08-02,2016-06-01,,,
44,Ballot Spreadsheet,"Ballot Comment Spreadsheets are provided for each ballot. They are located in the zip file found in the far right ""Cmnt"" column. This zip file will contain a complete set of ballot comment spreadsheets, so you only need to download it once. Please do not use any old ballot spreadsheets from previous cycles as we continue to make improvements each ballot cycle.",Support commenting on ballot material.,,,,,excel windows macos,,t,t,std-ballot,t,,,HQ,V2 V3 CDA Other,,,2016-06-01,,macos? Is that macros? AS: Nope macOS (like Windows but usefull),
45,Ballot Comment Amalgamation Macro Spreadsheet,A macrospreadsheet that assist work group co-chairs to manage submitted ballot comments.,"To assist Committee Co-chairs in summarizing ballot comments, an amalgamation utility with macros to combine all submitted comment spreadsheets",http://www.hl7.org/ctl.cfm?action=ballots.home&ballot_cycle_id=541&ballot_voter_id=0,,,,excel vb,,t,t,,t,,,HQ,,,,2016-06-01,,,The zip file below contains a spreadsheet and instructions for performing this task.
46,MAX Extension,Model Automated eXchange (MAX) is a project intended to develop a tool to facilitate the exchange of model data between UML modeling tools used to develop DAMs and DCMs such as Enterprise Architect and external data structures. ,Simple exchange of modelling information between CASE tools,http://gforge.hl7.org/gf/project/max/,http://gforge.hl7.org/gf/project/max/,,,c# ea,1.16.0622,t,f,std-dev,t,,,EST,Other,,2016-06-22,2016-06-01,,,An extension for Enterprise Architect from Sparx. See also https://app.box.com/s/ndhk4hnh2adzcho42sus
47,DECOR Template Exchange,Templates support mapping of data set artifacts to HL7v3 artifacts. The template format is influenced by the Templates Registry Project (HL7 International) and is a simplified representation of the HL7 MIF (model interchange format).,Supports the development of HL7 v3 templates.,https://art-decor.org/mediawiki/index.php/Publication_Templates,,,,xml,,t,f,std-dev,t,OSS,,Templates,CDA,,,2016-06-01,,,
48,DSTU Comment App,"The STU Commenting application, which is part of the HL7 website, is designed for both HL7 members and non-members.",To facilitate comments on a DSTU standard.,http://www.hl7.org/participate/onlineballoting.cfm?ref=nav,http://www.hl7.org/dstUcomments/help.cfm,,,web,,t,t,std-dev,t,,,EST,V2 V3 CDA FHIR,,,2016-06-01,,,
49,Help Desk,An online possibility to post (public) questions to the HL7 community,Provide support for HL7 members when using the HL standards,https://healthlevelseven.desk.com/,,,,web saas,,t,f,impl member,t,comm,,HQ,V2 V3 CDA FHIR,,,2016-06-01,,,"Not only for the use of HL7 standards, but also for other HL7 topics."
50,WGM Room Booking,,Provide a simple mechanism for co-chairs to specify the rooms needed for the next WGM,,,,,web cf,,t,t,wg-admin,t,,,EST,,,,2016-06-01,,,
51,Conference Call Center,,Provide a mechanism for the co-chairs to schedule teleconferences and book time on the HL7 teleconference number,,,,,web cf,,t,t,wg-admin,t,,,EST,,,,2016-06-01,,,
52,RegOnline,Registration for events such as WGMs,Provide a mechanism for members to self-register and submit payment,http://regonline.lanyon.com/?utm_expid=80530075-12.5313MM3SR_Ot6Cgd00iP8g.0,,,,web saas,,t,t,member,t,comm,,HQ,,,,2016-06-01,,,
53,MobiApp,An app with information on the HL7 workgroup Meeting.,"Provides HL7 WGM attendees with information of the WGM, calender, speakers and attendees of an WGM.",https://www.hl7.org/events/wgm<mmyyyy>/,,,,web,,t,f,member,t,,,HQ,,,,2016-06-01,,,
54,HL7 ListServer,A HL7 software application for a electronic mailing list,Provides members the possibility to subsribe a listserver to particpate in activities of a HL7 Workgroup.,http://www.hl7.org/myhl7/managelistservs.cfm,http://www.hl7.org/listservice/lyris.cfm?action=ls.faq,,,web saas,,t,t,std-dev wg-admin member,t,,Lyris,EST,,,,2016-06-01,,,Members can subscribe to specific workgroups on the listserver. All subscribers to HL7's lists are subject to our listserv usage policy (http://www.hl7.org/myhl7/managelistservs.cfm#listrules).
55,Vocabulary Tooling,"A graphical user interface to allow users to browse, search, and edit the contents of the HL7 vocabulary by creating machine processable vocabulary change events (i.e. Harmonization Proposals).","Provides a graphical user interface for browse, search, and edit the contents of the HL7 vocabulary.",http://gforge.hl7.org/gf/project/vocab-tools/,,,,xml xslt java eclipse,2.0.3,t,f,std-dev,f,,,Vocab,Other,,2014-07-17,2016-06-01,,"Maybe another entry HL7 Vocabulary in the code for standards? AS: I think we should ask Russ Hamm if he knows anything about this. AG;sedn him an email with question. AS: looked at the SVN on Gforge, old old old","Last check-in to SVN was in 2010, release was 2014 unknown if release and repository in sync. Not current with VML  and Harmonization process as of this note"
56,Version 3 Vocabulary Database,"HL7-defined vocabulary domain tables have been developed for coded class attributes and are stored in the HL7 repository. A number of views have been extracted from these to produce the HL7 Vocabulary Domain Listings for the HL7 Reference Information Model (RIM). The most current Access data base for both RIM and Vocabulary is always available as a Design Repository (""rimRepos"" download) from the HL7 Project Gforge site under the Design Repository Project.",Provides a HL7 defined vocabulary,http://www.hl7.org/documentcenter/private/standards_temp_0A7536E7-1C23-BA17-0C08C8D53068B4A8/v3/edition_web/infrastructure/vocabulary/vocabulary.html,,,,web,1360-20160323,t,f,std-dev,t,hl7,,Vocab,V3,,2016-04-28,2016-06-01,,,"You can also view the Version 3 Vocabulary on the V3 Ballot Web Site using the following link:
Version 3 Vocabulary page in the V3 Ballot Website (http://www.hl7.org/v3ballotarchive_temp_0B87DE5E-1C23-BA17-0C7CAAFAB2FA7DE6/v3ballot/html/infrastructure/vocabulary/vocabulary.html)."
57,Version 2.x Vocabulary ,Appendix A of HL7 Version 2.6 contains the V2.6 Data Definition Tables,Provides the vocabulary for HL7 v2,http://www.hl7.org/special/committees/vocab/V26_Appendix_A.pdf,,,,pdf,2.6,t,f,std-dev impl,t,hl7,,Vocab,V2,,2007-11-01,2016-06-01,,,
xx,Table 0396 Coding Systems,This is a table of external coding systems used in HL7 messages.,Provides an overview of external coding systems,http://www.hl7.org/Special/committees/vocab/table_0396/index.cfm,,,,web,,t,f,std_dev impl,t,,,Vocab,,,2015-04-09,2016-06-01,,Entered twice.,
59,Mayo Lexical Grid,"The Lexical Grid Vision - a distributed network of terminological resources. Currently, there are many terminologies and ontologies in existence. But just about every terminology has its own format, its own set of tools, and its own update mechanisms. The only thing that most of these pieces have in common with each other is their incompatibility. This makes it very hard to use these resources to their full potential. ","Provides a way to bridge terminologies and ontologies with a common set of tools, formats and update mechanisms.",http://www.lexgrid.org/,,,,,,f,f,,t,,LexGrid,,,,,2016-06-01,,"url is not working. Couldn't find more about this tool/resource. I found an abstract on this, https://www.semanticscholar.org/paper/LexGrid-Editor-Terminology-Authoring-for-the-Johnson-Solbrig/e82bb7824ff4de8fe765d81ae4bfb8385d6501d8/pdf, but the url in the references is not working either. AS: we may want to try and contact Harold Solbrig (but as an external tool I thinnk we add an note and let them come to us) AG; I send Harold an email.",
60,HL7 Vocabulary - French Translation,Translated HL7 Code set. Provided by Canada Health Infoway / HL7 Canada,Provides a french translation of the HL7 vocabulary,www.hl7.org/documentcenter/public/standards/vocabulary/Vocab_translated_French.xls,,,,excel,,f,f,std-dev impl,t,,,Vocab,,,,2016-06-01,,,
61,HL7 Code Set - French Translation,Translated HL7 Code set. Provided by Canada Health Infoway / HL7 Canada,Provides a french translation of the HL7 vocabulary,www.hl7.org/documentcenter/public/standards/vocabulary/HL7_Code_set_French_Translated.doc,,,,word,,f,f,std-dev impl,t,,,Vocab,V3,,2010-11-23,2016-06-01,,,
62,Good Vocabulary Practices Guide ,Provided by the HL7 Vocabulary Technical Committee.,Provides a brief set of guidelines for specifying vocabulary for a field within HL7 fields.,www.hl7.org/documentcenter/public/wg/vocab/Good_Vocab_Practices_May_00_Cleveland.doc,,,,word,,t,f,std-dev impl,t,,,Vocab,,,,2016-06-01,,,
63,End User License Agreement,Every copy of the HL7 Vocabulary database incorporated into or distributed in conjunction with another database or software program is subject to the HL7 End User License Agreement (EULA). ,Provides a copy of the End User License Agreement (EULA),http://www.hl7.org/documentcenter/public_temp_0E9200FB-1C23-BA17-0C9E36D98392F92F/gforge_include/hl7_eula.html,,,,web,,t,f,,t,,EULA,Vocab,Other,,2010-02-22,2016-06-01,,,A copy of the EULA is available at the following location: http://hl7projects.hl7.nscee.edu/tc_include/hl7_eula.html.
64,HL7 Development Framework,"The HL7 Development Framework (HDF) details the process of the HL7 standard development methodology. The HDF is a framework of modeling and administrative processes, policies, and deliverables used by HL7 to produce specifications that are used by the healthcare information management community to overcome challenges and barriers to interoperability among computerized healthcare-related information systems. ","The HDF project is intended to define and maintain the methodology applied by all the committees for project initiation, requirements analysis, standard design, implementation, standard approval process, etc.",http://www.hl7.org/v3ballotarchive_temp_77EF72A9-1C23-BA17-0C88C0821A6D7850/v3ballot/html/welcome/environment/index.html,,,,web pdf,1.5,t,f,,t,hl7,HDF,ArB,,,2010-01-01,2016-06-01,,,Health Level 7 (HL7) Development Framework (HDF) is included in the 'Background documents' on the site. The HDF is an informative document.
65,HMD for javaSIG and caAdapter API's ,Sample HMD files for javaSIG and caAdapter API's.,,,,,,,,f,f,,t,,,,,,,2016-06-01,,,
66,Java SIG API Demo Release,Documentation on Java SIG API.,,http://www.hl7.org/documentcenter/public_temp_11409D6A-1C23-BA17-0CD7B31D32DEFF75/wg/java/apidocs/index.html,,,,web,,t,f,,t,hl7,,AID,,,,2016-06-01,,,
67,Java SIG Public License,Health Level-7 Public License (for java special interest group) ,,http://www.hl7.org/legal/HPL.txt,,,,txt,1,t,f,,t,,,AID,,,,2016-06-01,,,
68,PubDb Manager,"The PubDb Manager is a widget created to facilitate the alignment of artifact status across PubDbs and Design Repositories, and the merger of PubDbs, both across domains and within a domain.",Provides an Access database that is used by Work Groups to define their specifications and the dynamic models for those. ,http://gforge.hl7.org/gf/project/pubdb/,,,,access vb,2.0.9C,t,f,std-dev,t,OSS,,EST,V3,,,2016-06-01,22,,
69,Installing and Configuring HL7 Tools,"These pages provide documentation on installing HL7 tools, configuring operating systems and COTS tools (like Visio) for using these tools, etc. ","Provide documentation on installing HL7 tools, configuring operating systems and COTS tools (like Visio) for using these tools, etc.","http://wiki.hl7.org/index.php?title=Installing_and_Configuring_HL7_Tools

",,,,mw,1.0.1,t,f,std-dev,t,,,EST,,,2007-09-24,2016-06-01,,,See also http://gforge.hl7.org/gf/project/tool-proc-arch/frs/?action=FrsReleaseBrowse&frs_package_id=86
70,Reference Information Model,"The Reference Information Model (RIM) is the cornerstone of the HL7 Version 3 development process. An object model created as part of the Version 3 methodology, the RIM is a large, pictorial representation of the HL7 clinical data (domains) and identifies the life cycle that a message or groups of related messages will carry. It is a shared model between all domains and, as such, is the model from which all domains create their messages. The RIM is an ANSI approved standard.",The RIM in different formats,http://www.hl7.org/implement/standards/rim.cfm,,,,xml mif xmi,2.41,t,t,std-dev,t,hl7,RIM,MnM,V3,1996-06-10,2012-10-11,2016-06-01,,,
71,Submit HL7 v3 proposals,HL7 has an online database to track proposals for modifications/additions to the V3 standard.  HL7 members should submit their proposals online via http://www.hl7.org/memonly/dbsub.cfm (Submit V3 Proposals link under the Members Only section).  ,Supports HL7 leadership in tracking change requests to the V3 standard.,http://www.hl7.org/memonly/dbtracker_V3/,www.hl7.org/documentcenter/public/explanatory/Instructions%20for%20Using%20Online%20Database%20to%20Submit%20V3.doc,,,,,t,f,std-dev,t,,,HQ,V3,,,2016-06-01,,,
72,V3 Glossary,The V3 Glossary is published as part of the Version 3 Ballot Web Site. ,Supports the understanding of terms used within HL7 v3.,http://www.hl7.org/private/standards/v3/edition_web/welcome/introduction/index.html,,,,mif,,t,t,std-dev std-ballot,t,hl7,,MnM,,,,2016-06-01,,"the url to the glossary is not the right one. Cannot find the right place of the glossary on the HL7 website or ballot archive. AS: I think this should point to the NE download from the product catalogue - Anneke, we can point to the Product page for the Normative Edition","The current V3 Ballot Web Site is always available at: http://www.hl7.org/v3ballot/html/welcome/introduction/index.htm. After clicking into the V3 Ballot Web Site content pages from the Introduction page, use the left-hand navigation tree to go to Background Documents/Glossary."
97,HL7 Glossary of Terms,"An overview, in alphabetical order, of all the terms used within HL7 and their definition as used within HL7.",Supports the development and implementation of HL7 standards.,http://www.hl7.org/documentcenter/public_temp_171D700F-1C23-BA17-0CDB0A48FDAB3238/calendarofevents/FirstTime/Glossary%20of%20terms.pdf,,,,pdf,Mar-12,t,f,educate ,t,,GreenBook,HQ,,,2012-03-01,2016-06-01,,,
73,V3 Guide,The V3 Guide was created for use by members of the HL7 Working Group as a companion to the Version 3 Standard.,Provide guidance on HL7 v3 standard,http://www.hl7.org/v3ballotarchive_temp_133826B6-1C23-BA17-0C544F611DECD2BF/v3ballot/html/help/v3guide/v3guide.html,,,,web,1,t,f,std-dev impl,t,,,Pub,V3,,2016-03-09,2016-06-01,,,
74,Version 3 Substantivity Guide,The V3 Substantive Change document is published as part of the Version 3 Ballot Web Site. This document (in the section Background documents) provides some general principles as well as specific rules and examples of what changes are substantive. It also provides some reference material on the role substantive change plays in the HL7 balloting process.  ,The purpose of this document is to give guidance to Health Level Seven (HL7) Technical Committee (TC) Chairs in determining whether a change to a Version 3 Specification is Substantive. ,http://www.hl7.org/v3ballotarchive_temp_133826B6-1C23-BA17-0C544F611DECD2BF/v3ballot/html/welcome/environment/index.html,,,,web,1,t,t,std-dev impl,t,,,ArB,V3,,2007-09-01,2016-06-01,,,"The current V3 Ballot Web Site is always available at: http://www.hl7.org/v3ballot/html/welcome/introduction/index.htm. After clicking into the V3 Ballot Web Site content pages from the Introduction page, use the left-hand navigation tree to go to Background Documents/Substantive Change."
75,Web Widget,"This web widget component enables XML-based authoring of Healthcare standards payloads. It simplifies the buildup of HL7 markup for V3 based rich text, namely <hl7:text> element, and better enables richer web applications based on Ajax and XForms.",,http://gforge.hl7.org/gf/project/webwidget/,,,,web xml windows mif js,,t,f,std-dev,f,OSS,Pub Widget,EST,,,,2016-06-01,,,"Requires running a stand-alone IIS instance on the local desktop, dependant on the TinyMCE Javascript editor"
76,UML Tooling,"Contains UML modeling tools that support development of HL7 standards. It includes a UML profile for HDF (additional HL7 metadata added to UML models), importing MIF to UML, and Eclipse UI extensions for HL7 modeling.",Support development of HL7 standards.,http://gforge.hl7.org/gf/project/uml-tools/,,,,xml java,,f,f,std-dev,t,epl,,EST,V3,,,2016-06-18,,,
77,V2 & V3 Mapping Tools,"Eclipse-based tools for semantic mapping and data transformation, with extensions for HL7 V2 and V3. ","They can map, translate and test HL7 V2 to other data formats, or V3 to other data formats, or V2 - V3 in either direction.",http://gforge.hl7.org/gf/project/v2v3-mapping/,,,,java,1.1.2,t,f,impl,t,,,EST,V2 V3,,,2016-06-18,,,"Tooling Development Status: 4 - Beta

a. ensure your system is running Java 1.6; and 
b. create a folder C:Xlib to hold temporary files. "
78,Australian Healthcare Messaging Laboratory - Testing/Certification of V2.x Messages (University of Ballarat - Australia),,,http://www.ahml.com.au/,,,,,,f,f,,t,,,,V2,,,2016-06-18,,"url does not work. Also through http://www.hl7.com.au/V2-Resources.htm it didn't worked. AS: we can ask EST if we should remove all non-functional URLs. AG; yes, after August 15 and maybe you can do that as a co-chair of EST :-)",
79,Global Message Profile Tool,A library with HL7 v2 Global Message Profiles,Supports V2 messages.,http://www.hl7.org/memonly/conformance/index.cfm?,http://www.hl7.org/memonly/conformance/UserGuide.pdf,,,,,t,f,,t,hl7,,,V2,,,2016-06-18,,Licensing information is dated on 2001. Old? AS:yes,
80,ELR Translation Tool - Mirth,,,,,,,,ELR_1_0_0_1.zip,f,f,impl,t,,,,,,,2016-06-18,,,"For further technical assistance please contact the PHIN Help Desk at PHINTech@cdc.gov. Please put ""ELR Translation Tool"" in the subject line."
81,ELR Translation Tool - Rhapsody ,,,,,,,,ELR_1_0_0_1.zip,f,f,impl,t,,,,,,,2016-06-18,,,"For further technical assistance please contact the PHIN Help Desk at PHINTech@cdc.gov. Please put ""ELR Translation Tool"" in the subject line."
82,"HL7 Version 2.5.1 ELR 
Implementation Guide:  
Electronic Laboratory Reporting to Public Health, 
Release 1 (US Realm)","The Version 2.5.1 Implementation Guide: Electronic Laboratory Reporting to Public Health (US Realm), Release 1 describes the transmission of laboratory-reportable findings to appropriate local, state, territorial and federal health agencies using the message. In particular, this guide addresses messaging content and dynamics related to the transmission of Laboratory Reportable Result Messages (i.e.,. Electronic Laboratory Reporting, or ELR). This guide is designed to align as closely as possible with the Version 2.5.1 Implementation Guide: Interoperable Laboratory Result Reporting to EHR.",Supports the implementation of V2 messages for electronic laboratory reporting.,http://www.hl7.org/implement/standards/product_brief.cfm?product_id=98,,,,pdf,2.5.1,t,f,impl,t,hl7,,OO PHER,V2,,2010-01-02,2016-06-18,,,
83,HAPI Tool,"HAPI (HL7 application programming interface) is an open-source, object-oriented HL7 2x parser for JAVA.",Validates HL7 V2x messages.,http://hl7api.sourceforge.net/,"http://hl7api.sourceforge.net/getting_started.html
http://hl7api.sourceforge.net/mail-lists.html",,,java,2.2,f,f,impl,t,OSS,,,V2,,2014-03-04,2016-06-18,,,
84,HAPI FHIR,An open-source implementation of the FHIR specification in Java.,Supports the HL7 FHIR implementation for Java.,http://hapifhir.io/index.html,"http://hapifhir.io/doc_intro.html
https://groups.google.com/forum/#!forum/hapi-fhir
http://hapifhir.io/hapi-fhir-faq.html",,,java,1.6,f,f,impl,t,OSS,,,FHIR,,2016-07-07,2016-06-18,,,
85,HL7 Conformance Testing with Message Maker,"The Message Maker Project is a collaboration effort between the National Institute of Standards and Technology (NIST) and the Health Level 7 (HL7) Standards Consortium. NIST is directing their efforts towards the development of a conformance-testing tool that automatically generates test messages for HL7 message profile specifications. The messages can be used to test systems for conformance. A prototype of Message Maker is available at this site. All NIST produced source code, documents, and associated products are in the public domain. Message Maker is a work-in-progress, as such, not all planned functionality is implemented; feedback on its design, feature set, and usefulness is welcomed.",Supports conformance testing.,http://www.itl.nist.gov/div897/ctg/messagemaker/,http://www.itl.nist.gov/div897/ctg/messagemaker/docs/UsersGuide1.4.pdf,,,xml java,1.5.6,f,f,impl,t,free,,,V2,,2007-04-02,2016-06-18,,"Tool is developed in collaboration by NIST and HL7. Download of the tool is for free, but nothing about open source. So I selected free for the license.",
86,HL7 Version 2.x Message Profiling Specification ,"HL7 V2.x Message Profiling provides a guideline for documenting particular uses of HL7 messages.  A defined V2.x message profile will be registered with HL7 and may be reused by other HL7 users, moving the HL7 V2.x standard closer to “plug and play” interfaces.","This document is intended to:
• Describe the HL7 V2.x Message Profile concept
• Recommend a specification for defining specific message profiles of HL7 V2.x messages
• Facilitate HL7 V2.x interpretation by users familiar with the HL7 standard, reducing interface analysis time and dissatisfaction with the HL7 V2.x standard. ",www.hl7.org/documentcenter/public/standards/v22/HL7_Profile_V2r2_final.doc,,,,word,2.2,t,f,impl,t,hl7,,CGIT,V2,,2000-11-30,2016-06-18,,The referral to the HL7 website specially the workgroup needs to changed in a referral to the CGIT workgroup. AG;done,"In its current form, this document is only a recommendation and should not be considered an HL7 standard.
For updates to this document and related information, visit the Conformance Special Interest Group; http://www.hl7.org/Special/committees/ictc/index.cfm"
87,Messaging Workbench,"Messaging Workbench or MWB was developed by the late Peter Rontey at the Department of Veteran Affairs.

The tool allows an array of functionality most prominently allowing creation of conformance profiles, specification messages etc. based off of HL7 V2.x. The idea is to allow implementers to test their profiles/implementations before they begin participation in conformance and interoperability testing.
","Supports the development of conformance profiles,   messages etc. based on HL7 v2x.","www.hl7.org/documentcenter/public/wg/ictc/MWB%20Release%206.8.zip

https://sourceforge.net/projects/mwbench/
","https://gazelle.ihe.net/content/how-create-hl7-message-profile-messaging-workbench-mwb

https://sourceforge.net/p/mwbench/wiki/Home/",,,delphi windows alone,6.8,f,f,std-dev impl,t,free,MWB,,V2,,2013-12-20,2016-06-18,33,"Not clear if the HL7 website has an up to date information. AS: likely not, we will need to talk to Matt Graham at Mayo to get info on MWB",
xx,Testing/Certification of V2.x Messages ,Australian Healthcare Messaging Laboratory (University of Ballarat - Australia) ,,http://www.ahml.com.au/,,,,,,f,f,,t,,,,,,,2016-06-18,,"Is this the same is in row 78? Couldn't review because the url is not working. AS: I think we should combine them, I will let you decide which one to keep AG: combined the rows and removed this one",
91,V2.x Proposals Database,A database for entering and tracking suggestions and corrections to the V2 messaging standard.,Giving an overview and tracking system for proposals on the HL7 v2.x database.,http://www.hl7.org/memonly/dbsub.cfm,www.hl7.org/documentcenter/public/explanatory/Instructions%20for%20Using%20Online%20Database%20to%20Submit%20V2.doc,,,web cf,2.4,t,f,std-dev impl,t,hl7,,Pub,V2,,,2016-06-18,,,
92,v2.xml Example Messages ,These are example (sample) V2 xml messages provided by HL7.,Supports the development of messages based on HL7 v2x. Standard,www.hl7.org/documentcenter/private/standards/V2XML/examples-200307.zip,,,,xml,,t,f,std-dev impl,t,hl7,,Pub,V2,,2003-07-01,2016-06-18,,,
93,Version 2 Substantivity Guide ,Guidelines for HL7 V2.x substantive change.,Defines substansive changes in HL7 v2.x,www.hl7.org/documentcenter/public/wg/arb/Substantive%20Change%2009.05.02.doc,,,,word,,t,f,std-dev impl,t,hl7,,ArB,V2,,,2016-06-18,,,
94,Training and Certification Events,"An overview of training and certification events.


",Gives an agenda of training and certification options.,"http://www.hl7.org/events/trainingandcertification.cfm



",,,,web cf,,t,f,educate,t,,,HQ,,,,2016-06-18,,,
95,HL7 Training,HL7 training programs provide knowledge and support to guide the healthcare industry through successful implementation of HL7 standards. HL7 offers on-site tutorials and workshops that can be customized to meet specific needs. HL7 training is also available at Working Group Meetings and Implementation Workshops.,Gives information on HL7 Training and an agenda of the training.,http://www.hl7.org/implement/training.cfm,,,,web cf,,t,t,educate,t,hl7,,HQ,,,,2016-06-18,,,
96,HL7 Certification,"HL7 offers certification testing to help professionals achieve industry-recognized levels of proficiency and expertise. Advance your career and enhance your marketability by adding ""HL7 Certified"" to your credentials.",Gives information on HL7 Certification and an agenda of certification events.,http://www.hl7.org/implement/certification.cfm,,,,web cf,,t,t,impl,t,hl7,,HQ,,,,2016-06-18,,,
xx,Training materials,See row 95,,,,,,,,f,f,,t,,,,,,,2016-06-18,,,
98,Managing the Sparx Enterprise Architect Software Keys Distribution ,"Sparx has offered to supply Enterprise Architect licenses to HL7 International members working on HL7 projects.  The HL7 Tooling Administrator will be responsible for maintaining the list of HL7 projects using Sparx Enterprise Architect and members who have been assigned license keys. The HL7 Tooling Administrator will also act as a mediator between HL7 and Sparx’s contact person, John Redfern, to assist HL7 members needing assistance supported by Sparx.",The objective of this document is to outline the process for the HL7 Tooling Administrator to track the Sparx Enterprise Architect software keys distribution and to ensure that all recipients of the Sparx software have met the criteria recommended by the Tooling Work Group and accepted by the Technical Steering Committee.,www.hl7.org/documentcenter/public/procedures/Managing%20the%20Sparx%20Enterprise%20Architect%20Software%20Keys%20Distribution.docx,http://www.sparxsystems.com/support/index.html,,,word,,t,f,std-dev,t,,,EST,,,,2016-06-18,,,The support url is the url to the Sparx website for support.
99,Request IBM Rational Software Modeler (RSM),"A request form for the IBM Rational Software Modeler (RSM). The IBM Rational Software Development Platform is an Eclipse-based common development environment. It is an integrated platform that allows the user to manage and trace a project from requirements through design and development. Rational Software Modeler is a Unified Modeling Language (UML)-based visual modeling and design tool for architects, systems analysts, and designers who need to ensure that their specifications, architecture, and designs are clearly defined and communicated to their stakeholders.",Supports the request of IBM Rational Software Modeler (RSM).,http://www.hl7.org/Special/committees/v3toolstaskforce/rsm_request.cfm,http://www.hl7.org/documentcenter/public_temp_E789F82A-1C23-BA17-0C00C9D387481782/procedures/PRSMV-1.0.2.pdf,,,web cf,,f,f,std-dev,t,,,EST,,,,2016-06-18,,,
100,GForge (HL7 Project Homebase),"GForge, the HL7 Project Homebase site is intended to support HL7 Tool Developers (Toolsmiths) and Work Groups in managing their projects. All of the tools available on this Homebase are designed to support the development and publication of HL7 Version 3 Messaging Standards. These tools carry a license that restricts their use to activities that support the development of standards by HL7 and the HL7 International Affiliate Organizations.",Supports HL7 tool developers and and work group co-chairs in managing the projects.,http://gforge.hl7.org/gf/,http://www.hl7.org/documentcenter/public_temp_E7E584C1-1C23-BA17-0CFBF5145E230322/gforge_include/homebase_helpdesk.html,,,saas,,t,t,std-dev impl wg-admin,t,OSS,,EST,,,,2016-06-18,,,"GForge assists in the management of the entire development life cycle using Collaborative Development Environment (CDE) tools to assist a team in working together, using message forums and mailing lists, including tools to create and control access to Source Code Management (SCM) repositories. GForge automatically creates a repository and controls access to it depending on the role security settings of the Project."
101,Guidance for Steering Division Co-Chairs to Evaluate Work Group Capacity to Undertake New Effort,"This document provides guidance for Steering Division Co-Chairs on using PBS (Projects, Ballots and Standards) Metrics and Work Group Health to evaluate WG capacity to undertake new effort.","Guidance for Steering Division Co-Chairs
Using PBS Metrics and Work Group Health to evaluate WG capacity to undertake new effort
",gforge.hl7.org/gf/download/docmanfileversion/9076/13967/PBS%20Metric%20Guidance%20for%20SD%20CoChairs%202016%20Final.doc,,,,word,2016 release,t,f,wg-admin,t,,,T3SD,,,2016-02-08,2016-06-18,,,"More about Work Group Health at the wiki, http://hl7tsc.org/wiki/index.php?title=Work_Group_Health

To update projects in Project Insight please go to http://www.hl7.org/documentcenter/public/wg/projectServices/Project%20Insight%20Tip%20Sheet_2011.doc"
102,HL7 Ballot Guide,The HL7 Ballot Guide (formerly titled Electronic Ballot Charts)  provides a quick reference to information related to each level of HL7 electronic balloting.,Guidance for the different levels of HL7 electronic balloting.,gforge.hl7.org/gf/download/docmanfileversion/8903/13483/HL7BallotGuide_2015.doc,,,,word,4,t,f,std-ballot,t,,,PS,,,2015-09-01,2016-06-18,,,The Ballot Guides in this document were developed as a supplement to the HL7 Co-Chair Handbook (http://www.hl7.org/permalink/?CoChairHandbook) to provide a quick reference to information related to each level of HL7 balloting.
103,HL7 Searchable Project Database,Search active and archived HL7 projects along with 3-Year Plan items. This tool displays information from Project Insight based on Project Scope Statements as well as project status updates.,Supports HL7 members to get information on HL7 projects.,http://www.hl7.org/special/Committees/projman/searchableProjectIndex.cfm,,,,web cf,,t,f,wg-admin,t,,,HQ,,,2016-07-12,2016-06-18,,,
104,PBS Metrics Report,"The Projects, Ballots and Standards Metrics Report (PBS Metrics) provides a dashboard by Work Group as well as details about Projects that are behind 120+ days, missing 3-Year Plans, unpublished ballots, unpublished CMETs, and balloted items with outstanding negatives that require a recirculation ballot to be published.",Supports Work Groups in tracking their projects an their Work Group Health.,http://gforge.hl7.org/gf/project/tsc/frs/?action=FrsReleaseBrowse&frs_package_id=169,gforge.hl7.org/gf/download/frsrelease/1069/11294/PBS_Metrics_20140109_2014JanWGM.xls,,,excel,,t,t,wg-admin,t,,,HQ,,,2014-01-09,2016-06-18,,,
105,Peer Review Process at HL7,Describes step process and references various forms to help conduct a peer review.,Give guidance on conducting a peer review at HL7.,www.hl7.org/documentcenter/public/wg/projectServices/Peer%20Review%20Final.ppt,,,,ppt,,t,f,std-dev,t,,,,,,,2016-06-18,,,
106,Project Facilitator Responsibilities,"Describes responsibilities of this role, traits desired of individuals filling these roles and the tasks expected.",The purpose of this document is to describe the Work Group Project Facilitator roles and responsibilities.  ,http://gforge.hl7.org/gf/project/psc/docman/Project%20Facilitator%20Responsibilities/,,,,word,5,t,f,wg-admin,t,,,PS,,,2016-05-01,2016-06-18,,,
107,Project Insight Tip Sheet,"This document illustrates how to update project status information in Project Insight, how Project Insight data changes throughout the lifecycle of a project (i.e. as it moves from a 3-Year Plan to an active project and through balloting to closure), and how a Project is closed (archived) in Project Insight. The document includes screen shots, Project Insight field definitions and a State Transition Diagram.",Give guidance in how to update a project in project insight.,www.hl7.org/documentcenter/public/wg/projectServices/Project%20Insight%20Tip%20Sheet_2011.doc,,,,word,1,t,f,wg-admin,t,,,PS,,,2016-07-18,2016-06-18,,,
108,Project Life Cycle for Product Development (PLCPD),"The Project Life Cycle for Product Development (PLCPD) describes the process to product HL7 ‘products’ including standards and specifications and includes project initiative, analysis and requirements documentation, and specification design. The PLCPD depicted as a cyclical process flow, presents the HL7 strategy for protocol specification development, enhancement, and management, however, as described in the Governance and Operations Manual (GOM) allows Work Groups flexibility to plan their strategy to produce their artifacts.","Guidance on HL7 strategy for protocol specification development, enhancement, and management.",https://www.google.nl/url?sa=t&rct=j&q=&esrc=s&source=web&cd=1&ved=0ahUKEwj0_9-MwqLOAhUBtRQKHQ-wCDkQFggjMAA&url=https%3A%2F%2Fwww.hl7.org%2Fdocumentcenter%2Fpublic%2Fwg%2Fprojectservices%2FPSWG%2520PLCPD%25202008-11%2520Release.doc&usg=AFQjCNG3TSULaYpm44pN0Hsqmqk0pMO5WA&cad=rja,,,,word,,t,f,wg-admin,t,,,PS,,,,2016-06-18,,,
109,Project Scope Statement Template and Project Approval Process,"Describes the steps to take a project through the approval process, which is a requirement to ballot standards. There are different approval paths for different types of projects. This zip file also contains the Project Scope Statement templates, including the HL7 Affiliate Project Description template.","Supports the creation of a Project Scope Statement by giving a template, instructions and information on the apporval process.",www.hl7.org/permalink/?ProjectScopeStatement,,,,word,,t,t,std-ballot wg-admin,t,,,PS,,,2016-01-01,2016-06-18,,,
110,Recorded Webinar: HL7 Project Management Tool Overview for HL7 Project Facilitators,"38 minute recording of a webinar targeted for co-chairs and those leading HL7 projects (i.e. Project Facilitators). This webinar demonstrates HL7 project tools including Project Insight (HL7’s primary project repository), the HL7 Searchable Project Database, GForge, as well as review HL7 project processes and methodologies.",Supports co-chairs and Project Facilitators in using project tools for management of the project.,http://www.hl7.org/Events/webinars.cfm,,,,video,,t,f,wg-admin,t,,,PS,,,,2016-06-18,,"The url opens the page with HL7® INTERNATIONAL
EDUCATIONAL MATERIALS STUDY LICENSE AGREEMENT. By sending this in, will the user get the link to the webinar? AG; send an email to Lynn with question.",By agreeing to the license you will be directed to the video.
111,Recorded Webinar: How to Use The PBS Metrics Excel Report,"A 9 minute recorded webinar targeted for co-chairs and those leading HL7 projects (i.e. Project Facilitators).  This webinar demonstrates how best to navigate through the Projects, Ballots and Standards Metrics Excel Report",Supports co-chairs and Project Facilitators in how to navigate through the PBS report.,www.hl7.org/documentcenter/public/media/PBS_Metrics_Webinar_20150820.wmv,,,,video,,t,f,wg-admin,t,hl7,,PS,,,2015-08-20,2016-06-18,,,You have direct access to the video.
112,Three-Year Plan Guidelines,The TSC was requested to provide structure and format guidelines to the Working Groups on creating Three-Year Plans. The Project Services Work Group identified a mechanism where future planning projects can be added to Project Insight for tracking. This document is intended to provide additional guidance on that process.,Supports work groups in the creation of a tree-year plan. . ,gforge.hl7.org/gf/download/docmanfileversion/6760/9299/Three-YearPlan_MC_Guidelines20091224.doc,,,,word,1,t,f,wg-admin,t,,,TSC,,,2009-12-24,2016-06-18,,,
113,TSC Guidance on Ballot Levels,This document provides information in determining the correct ballot strategy.,Supports HL7 work groups in determine the correct ballot strategy.,gforge.hl7.org/gf/download/docmanfileversion/7213/10098/BallotGuidance-20130128.doc,,,,word,,t,f,wg-admin,t,,,TSC,,,,2016-06-18,,,
xx,Archive Contents Description,,,http://www.hl7.org/implement/standards/rim.cfm,,,,,,t,f,,t,,,,,,,2016-06-18,,,
115,HL7 Reference Model,"The Reference Information Model (RIM) is the cornerstone of the HL7 Version 3 development process. An object model created as part of the Version 3 methodology, the RIM is a large, pictorial representation of the HL7 clinical data (domains) and identifies the life cycle that a message or groups of related messages will carry. It is a shared model between all domains and, as such, is the model from which all domains create their messages. The RIM is an ANSI approved standard.",Supports HL7 v3 development and implementation.,http://www.hl7.org/implement/standards/rim.cfm,,,,xml mif,2.41,t,f,std-dev impl,t,hl7,,,V3 CDA,,2012-11-01,2016-06-18,,,
116,Naming Conventions,Versions of the HL7 RIM are available only as Composite ZIP files that contain ALL relevant files for that version. The file names within these archives indicate the type of information available. The naming structure is described on this webpage.,Supports the use of files containg the HL7 RIM.,http://www.hl7.org/implement/standards/rim.cfm,,,,,,t,f,std-dev impl,t,,,,,,,2016-06-18,,,
117,HL7 Membership Logos,HL7 International Logo Site,Guidance for HL7 members in using the HL7 logo's.,http://www.hl7.org/memonly/logos/index.cfm,,,,web,,t,f,,t,hl7,,HQ,,,,2016-06-18,,,
118,EHR-S FM Profile Designer Tool,"The basis for this tool was The EHR-S FM, release 2. The development of the tool was approved by both the EHR workgroup and the Tooling workgroup, and hence became a full HL7 International tooling project. The tool is developed as an extension for Enterprise Architect from Sparx (Corporate Edition). The HL7 EHR System Functional Model provides a reference list of functions that may be present in an Electronic Health Record System (EHR-S). The function list is described from a user perspective with the intent to enable consistent expression of system functionality. This EHR-S Functional Model, through the creation of Functional Profiles for care settings and realms, enables a standardized description and common understanding of functions sought or available in a given setting (e.g., intensive care, cardiology, office practice in one country or primary care in another country). ","Supports the creation of Functional Profiles based on the EHR-S FM R2.
Supports the management of the Functional Model and Profiles.",,http://gforge.hl7.org/gf/project/ehrsfm_profile/,,,"c# ea max s-tron
",HL7_FM_EA_Extension v2.15.0515-1,t,f,std-dev std-ballot,t,OSS,,EHR,FM,,2015-05-15,2016-06-18,46,,"Requires Enterprise Architect (Sparx), the corporate edition.
If you want to know more about the tool or get the computable artifacts for this, please contact the co-chaairs of the EHR work group: http://www.hl7.org/Special/committees/ehr/leadership.cfm"
119,Manuals for the EHR-S FM Profile Designer tool,Manuals created for the use of the HER-S FM Profile Designer Tool.,Supports the user in the use of the tool when devoloping a Functional Profile.,,,,,pdf,Aug-16,t,f,std-dev,t,,,EHR,FM,,,2016-06-18,,,
xx,HL7 Message Workbench,"The Messaging Workbench is a multipurpose productivity tool for HL7 V2.x implementers. It facilitates rapid development of specifications and reports. It also incorporates an online message validation service, and message generator for use in testing.",Supports the development and validation of a HL7 V2.x messages.,,,,,delphi,,f,f,,t,,,,,,,2016-06-18,,"This is the same as 87, marked this one for deletion",
121,C-CDA Examples,The approved samples are are listed on a wiki.,Supports the re-use and creation of C-CDA templates.,http://wiki.hl7.org/index.php?title=CDA_Example_Task_Force,,,,mw,Jul-16,t,f,std-dev,t,hl7,,SD,CDA,,2016-07-14,2016-06-18,,,
122,Standards Knowledge Management Tool,"Joint Initiative for Global Standards Harmonization Health Informatics Document Registry and Glossary Standards Knowledge Management Tool, SKMT. ","Coordination of Healthcare glossary terms across multiple SDOs.
The site supports persons seeking to find standards documents or term definitions as well as the standards developer, the publishing administration. ",http://www.skmtglossary.org/,http://www.skmtglossary.org/Support.aspx,,,web saas c#,,f,f,std-dev std-ballot impl reg-rep,t,free,SKMT Glossary,Vocab,V2 V3 CDA FHIR Other,,,2016-06-18,,,"The content of the skmt is owned by the publisher and is published for reference only under agreement with the publishers.  the users do not require any license to use it - only conventioinal copyright referencing expectations. 
For developers, persons who are adding content in the skmt, there is also a user guide  available at http://skmtglossary.org/Doc/SKMTUserGuide.pdf"
123,FHIR Build,"The FHIR Build process take a large number of artifacts (spreadsheets, xml files, other configuration files) and utilizing a combination of XSLT, ANT, and Java builds the FHIR specification including the examples and  the Java and Delphi reference implementations. ",Build the core FHIR specification,http://gforge.hl7.org/gf/project/fhir,,,,ant java xslt excel linux windows macos,,t,t,std-dev std-ballot,t,OSS,,FHIR-i,FHIR,,,2016-06-18,130,,The FHIR Build process cannot run unless it can contact the FHIR Vocabulary Server. Output from the vacabulary server is cache to enhance the performance of the FHIR Build process
124,FHIR IG Publisher Documentation,Guidance for developing FHIR implementation guides. The FHIR team provides an IG Publishing tool that takes the implementation guide resources and converts them to a set of 3 different types of files.,Supports the use of IG publisher for the development of an Implementation Guide for FHIR,http://wiki.hl7.org/index.php?title=IG_Publisher_Documentation,,,,web,,t,f,std-dev std-ballot,t,hl7,FHIR IG Build,,FHIR,,,2016-06-18,,,
125,FHIR IG publisher,The HL7 FHIR tool to help with developing an FHIR Implementation Guides.,Supports the development of an Implementation Guide for FHIR.,https://hl7-fhir.github.io/downloads.html,http://wiki.hl7.org/index.php?title=IG_Publisher_Documentation,,,java linux windows macos,,t,t,impl,t,hl7,FHIR IG Build,FHIR-i,FHIR,2016-07-01,2016-08-01,2016-08-02,,,
126,HL7 Tooling FAQs,"This Tooling FAQs are intended to provide general support for individuals wanting to use the HL7 tool suite. The FAQs are grouped under five themes: General, RMIM Designer, RoseTree, PubDb and V3 Generator. ",Supports the use of several HL7 tools.,http://wiki.hl7.org/index.php?title=HL7_Tooling_FAQs#HL7_Tooling_FAQs,,,,mw,24-Jun-14,t,f,std-dev impl,t,,,EST,V3 ,,2014-06-24,2016-08-02,,,
127,FHIR Registry,"A FHIR profile registry. Find profiles, extensions, valuesets, dictionaries, mappings, examples and more.",Supports finding and publication of FHIR resources. ,https://simplifier.net/,,,,saas web,13.3.5.24303,f,f,std-dev reg-rep,t,comm,simplifier.net,,FHIR,,2016-01-01,2016-08-02,,,
128,FORGE,The offical FHIR profile authoring tool,Supports the creation and editing of FHIR Profiles.,http://fhir.furore.com/Forge,,,,c# windows,DSTU 2,f,f,std-dev,t,comm,,,FHIR,,,2016-08-02,,,"Downloading the tool throught either http://fhir.furore.com/Forge and the FHIR registry, https://simplifier.net/ui/Access/Login, you must first register and login."
129,Spark FHIR server,"A fully compliant FHIR server developed by Furore, SPARK. SPARK is capable of storing and retrieving all FHIR resources listed in the specification and supports all REST operations. The server has also implemented all search functionality and all search parameters. ",Supports a quick start in FHIR implementations,http://spark.furore.com/,,,,c#,3.7,f,f,std-dev,t,OSS,,,FHIR,,2015-07-08,2016-08-02,,,
130,FHIR Main Vocabulary Server,The FHIR Main Vocabulary server is a FHIR server that is the source of truth for vocabulary  that is used in the FHIR specification. The external server is maintained by Grahame Greive.,"Provide the core registry of FHIR codes and value sets required to build the FHIR standard
",https://www.hl7.org/fhir/terminology-service.html,,,,web delphi,,f,t,std-dev std-ballot std-pub reg-rep,t,,,,FHIR,,2016-08-01,2016-08-02,,Cannot find anything under the name we included. I included two links. Can you look at it and see if the right link is included or ditrect me to the rifht webpage? AS: I went with the first one,
131,C-CDA 2.1 Samples and Query Tool,A web query tool to support the searching and retrieval of C-CDA R2.1 sample instances. The tool will process a set of sample files stored in GitHub to produce a database that supports a web interface to specify various query parameters.,Enable C-CDA implementors to research and retrieve samples instances using a variety terms and words,,,,,ror web rdb github,alpha,t,f,impl,t,epl,,SD,CDA,,,2016-08-04,,,Application is being developed and is in design
132,EHR-S FM/FP Publishing,"An add-on tool to the EHR-S Functional Modeler/Profiler that produces human readable output of the functional model/profile in HTML, PDF and CSV formats. The tool takes a MAX file export of a functional model or profile and using a process defined in ANT and applying a number of XSLT transforms produces an HTML or PDF or CSV format output. The HTML and PDF output contains linkages, indices and navigation to enable reading the specification using simple freely available tools (browsers, Acrobat Reader, etc.).","Produce output in a human readable form (PDF, HTML, CSV) from a Functional Model or a Functional Profile",http://gforge.hl7.org/gf/project/ehrsfm_profile/,http://gforge.hl7.org/gf/project/ehrsfm_profile/,,,ant max xslt fop windows macos linux alone,1.1,t,f,std-pub std-ballot,t,epl,,EHR,FM,2014-07-01,2016-05-01,2016-08-07,118,,Application requires knowledge of running tools on the command line. Installation and run instructions are included in the EHR-S Functional Modeler user documentation
133,DCM MDG file,"Model Driven Generation (MDG) Technologies allowing users to extend Enterprise Architect's (EA) modeling capabilities to specific domains and notations. In th case of HL7 it is created for UML based Detailed Clinical Models in EA. These models adhere to the ISO TS 13972 which was developed with HL7 and openEHR input. Technically the MDG constrains the UML into a specific stereotype that allows export of the logical model in various technical formats as XML, HL7 v3 clinical statements and MAX. ","The MDG file for DCM can be installed in EA and serves as a template to generate DCMs. These DCMs have: 1. packages with instructions to complete the evidence base, tagged values to create the DCM meta information, including OIDs, the UML model in which each data element is specified as class, and tagged values for the code binding and value set binding. The result is a DCM in UML which can be exported as XMI file. ",http://gforge.hl7.org/gf/project/dcm_ea/frs/,,,,ea,SanAntonio2012,f,f,std-dev impl,t,free,,PC,,2012-01-01,,2016-08-10,,,"Application requires knowledge in using Enterprise Architect, requires a valid Enterprise Architect installation

Please send issues to: DCMHelpdesk@results4care.eu"
134,DCM Content Creator,web environment in which clinicians can describe the health knowledge and evidence base for a detailed clinical model. The XML file can be imported into the Enterprise Architect DCM MDG template. ,Expression of health knowledge as background and context of detailed clinical models. Online collaboration tool.,http://r4c.clinicaltemplates.org,,,,django python,1.0,f,f,std-dev,t,comm,,PC,,2010-01-01,2015-11-01,2016-08-10,,,Please send issues to: DCMHelpdesk@results4care.eu
135,DCM Model Creator,extension to Enterprise Architect to support the creation of Detailed Clinical Models,"Tools allow to import IM CEMLs and create UML from them, validates DCMs that are created with the DCM template in EA and follow the stereotyping rules. Export the DCM into various technical representations. Working are XMI, CSV, HL7 v3 XML for clinical statements, MAX and conversion of MAX into JSON. Finally supports composing DCM into larger constructs such as full HL7 v3 message payload. CIMI model export in ADL 2.0 under construction. FHIR resource and extension export under construction.",https://www.zorgictwinkel.nl/shop/index.php?route=product/product&product_id=68,,,,c# ea,1.0,f,f,std-dev impl,t,comm,,PC,,2010-01-01,2015-11-01,2016-08-10,,,"Application requires knowledge in using Enterprise Architect, requires a valid Enterprise Architect installation.

Please send issues to: DCMHelpdesk@results4care.eu"
136,Education Portal,The site for all of the education services provided by HL7 International,Provide HL7 education services,,,,,web,,t,t,educate,t,,,Education,,,,2016-08-11,,,
137,Model Driven Health Tools,"MDHT delivers a standard object-oriented alternative to proprietary development methodologies and tooling used to specify and implement most healthcare industry standards. There are three primary categories of users for MDHT tools: authors of healthcare industry interoperability standards, certification or testing authorities who validate that an Electronic Health Record (EHR) system produces XML or JSON files that comply with the standard, and software developers that implement adapters or applications that produce and consume healthcare data. MDHT defines healthcare-specific UML profiles to specify the interoperability standards and delivers model editing tools that are optimized for clinical informatics users, including a customized interface for the UML profile extensions. MDHT also delivers UML publishing tools that are used to generate specification documents that are ready for submission to standards organizations. Finally, the tooling includes model transformations that leverage  EMF and OCL to generate Ecore models and Java code used by healthcare implementers.",Produce CDA implementation guides and code framework to be used in the development of software the uses the IG,https://projects.eclipse.org/projects/modeling.mdht,http://www.eclipse.org/forums/index.php?t=thread&frm_id=323,https://sourceforge.net/projects/oht-modeling/files/Releases/Products/Designer/,http://cdatools.org,java eclipse linux windows macos,3.0,f,f,std-dev std-pub impl,t,epl,MDHT,,CDA V3 FHIR,2010-09-15,2016-04-12,2016-08-13,,,
138,CSV to FHIR Tracker,"A command line script to load the extracted CSV contents of the ballot comments into Gforge tracker items.

The script was created to aid the FHIR core team manage all comments against the FHIR specification. The script makes use of a number of custom fields created by the FHIR team to track a number of items beyond the tracking fields found in the default GForge tracker.",Bulk loading of tracker items into Gforge (such as ballot comments).,https://github.com/jmandel/csv-to-fhir-tracker,,,,python macos linux,,f,f,std-ballot,t,,,FHIR-i,FHIR,2015-05-01,2016-09-15,2016-10-03,,,